id,text,category
1,"The proposed high-density apartment complex on Hillcrest Drive lacks sufficient parking for new residents.","Housing & Zoning"
2,"We urgently need protected bike lanes along Thousand Oaks Blvd to keep cyclists safe from commuters.","Transportation & Infrastructure"
3,"The city council should preserve the oak woodland corridor near Conejo Valley Botanical Garden.","Environmental & Parks"
4,"Neighborhood watch reports an increase in catalytic converter thefts near the shopping plaza.","Public Safety"
5,"Affordable housing subsidies must be prioritized for local teachers, healthcare workers, and firefighters.","Housing & Zoning"
6,"Potholes on Lynn Road near the freeway ramp are causing vehicle damage during rainy weather.","Transportation & Infrastructure"
7,"Runoff from the recent commercial construction is contaminating the local watershed and creek.","Environmental & Parks"
8,"Street lighting on the pedestrian walkway between the high school and the library is completely out.","Public Safety"
9,"Rezoning the commercial strip into mixed-use residential units will help revitalize our downtown core.","Housing & Zoning"
10,"The bus schedule needs later evening runs so service workers can commute home after 9 PM.","Transportation & Infrastructure"
11,"We should establish a community compost drop-off site at the weekly farmers market.","Environmental & Parks"
12,"Speeding along residential streets in the Wildwood neighborhood has become hazardous for pedestrians.","Public Safety"
13,"Developers should be required to dedicate at least 20 percent of new multifamily units to very low-income families.","Housing & Zoning"
14,"Synchronizing traffic signals on Westlake Blvd would significantly reduce rush-hour bottleneck congestion.","Transportation & Infrastructure"
15,"The city needs strict drought restrictions and native plant landscaping requirements for corporate campuses.","Environmental & Parks"
16,"Response times for non-emergency police calls have increased considerably over the last two quarters.","Public Safety"
