id,text
201,"New transit-oriented development guidelines should allow four-story duplexes near major bus stops."
202,"The storm drainage culvert overflows whenever we receive more than an inch of rainfall."
203,"Preserving monarch butterfly habitats along community trails should be an urgent environmental priority."
204,"We need more frequent foot patrols by deputies around our public parks after sunset."
205,"First-time homebuyer assistance programs are needed to keep younger families from moving out of town."
206,"Adding an express bus route between Thousand Oaks and downtown Los Angeles would ease daily 101 freeway traffic."
207,"Pesticide spraying near community gardens is threatening local bee and pollinator populations."
208,"Car break-ins have risen in apartment complex parking structures that lack surveillance."
209,"The council should approve the accessory dwelling unit (ADU) fee waiver to encourage granny flats."
210,"The bridge over the creek requires structural seismic retrofitting before heavy freight traffic increases."
211,"Solar panel permits for residential homes should be fast-tracked through automated online approval."
212,"Emergency medical dispatch response times during peak traffic hours are falling below standard targets."
213,"Density bonuses should only be granted to projects that provide at least 15 percent deed-restricted low-income units."
214,"E-bike riders on pedestrian hiking trails are traveling at unsafe speeds around blind curves."
215,"Excessive artificial night lighting around shopping centers is disrupting wildlife migration patterns."
216,"Retail shoplifting has increased along the main boulevard, hurting independent merchants."
